certification_no,insurer,plan_name,plan_level,plan_doc_url,shortlist_hits,still_missing,ward,deductible,geography,annual_limit,coinsurance,lifetime,note
F00017-04-000-04,AXA China Region Insurance Company (Hong Kong) Limited,Smart Medicare,Regular (USD),https://www.vhis.gov.hk/doc/certifiedplan/fp/F00017/F00017-04-000-04-PlanDoc-e.pdf,18,deductible,,,,,,,
F00018-04-000-03,AXA China Region Insurance Company Limited,Smart Medicare,Regular (USD),https://www.vhis.gov.hk/doc/certifiedplan/fp/F00018/F00018-04-000-03-PlanDoc-e.pdf,18,deductible,,,,,,,
F00013-04-000-06,Prudential Hong Kong Limited,PRUHealth FlexiChoice Medical Plan,Ward (USD),https://www.vhis.gov.hk/doc/certifiedplan/fp/F00013/F00013-04-000-06-PlanDoc-e.pdf,18,deductible,,,,,,,
F00017-04-001-04,AXA China Region Insurance Company (Hong Kong) Limited,Smart Medicare,Regular with SMM (USD),https://www.vhis.gov.hk/doc/certifiedplan/fp/F00017/F00017-04-001-04-PlanDoc-e.pdf,17,deductible,,,,,,,
F00018-04-001-03,AXA China Region Insurance Company Limited,Smart Medicare,Regular with SMM (USD),https://www.vhis.gov.hk/doc/certifiedplan/fp/F00018/F00018-04-001-03-PlanDoc-e.pdf,16,deductible,,,,,,,
F00068-04-000-01,Prudential Hong Kong Limited,PRUHealth VHIS EasyChoice Plan,Ward with SMM (USD),https://www.vhis.gov.hk/doc/certifiedplan/fp/F00068/F00068-04-000-01-PlanDoc-e.pdf,13,deductible,,,,,,,
F00027-05-000-03,Chubb Life Insurance Hong Kong Limited,Chubb VHIS - Flexi Plan,Classic (USD),https://www.vhis.gov.hk/doc/certifiedplan/fp/F00027/F00027-05-000-03-PlanDoc-e.pdf,6,deductible,,,,,,,
F00027-06-000-03,Chubb Life Insurance Hong Kong Limited,Chubb VHIS - Flexi Plan,Ward (USD),https://www.vhis.gov.hk/doc/certifiedplan/fp/F00027/F00027-06-000-03-PlanDoc-e.pdf,2,deductible,,,,,,,
F00079-01-000-01,HSBC Life (International) Limited,HSBC Voluntary Health Insurance One Plan ,One Plan,https://www.vhis.gov.hk/doc/certifiedplan/fp/F00079/F00079-01-000-01-PlanDoc-e.pdf,1,deductible,,,,,,,
